#,Active Reviewed,Report
4,Thiacloprid,click here
3,Pymetrozine,click here
2,Chlorothalonil,click here
1,Diuron,click here
4,Thiacloprid,click here
3,Pymetrozine,click here
2,Chlorothalonil,click here
1,Diuron,click here
4,Thiacloprid,click here
3,Pymetrozine,click here
2,Chlorothalonil,click here
1,Diuron,click here
4,Thiacloprid,click here
3,Pymetrozine,click here
2,Chlorothalonil,click here
1,Diuron,click here
4,Thiacloprid,click here
3,Pymetrozine,click here
2,Chlorothalonil,click here
1,Diuron,click here
4,Thiacloprid,click here
3,Pymetrozine,click here
2,Chlorothalonil,click here
1,Diuron,click here
4,Thiacloprid,click here
3,Pymetrozine,click here
2,Chlorothalonil,click here
1,Diuron,click here
4,Thiacloprid,click here
3,Pymetrozine,click here
2,Chlorothalonil,click here
1,Diuron,click here
4,Thiacloprid,click here
3,Pymetrozine,click here
2,Chlorothalonil,click here
1,Diuron,click here
4,Thiacloprid,click here
3,Pymetrozine,click here
2,Chlorothalonil,click here
1,Diuron,click here
4,Thiacloprid,click here
3,Pymetrozine,click here
2,Chlorothalonil,click here
1,Diuron,click here
4,Thiacloprid,click here
3,Pymetrozine,click here
2,Chlorothalonil,click here
1,Diuron,click here
4,Thiacloprid,click here
3,Pymetrozine,click here
2,Chlorothalonil,click here
1,Diuron,click here
4,Thiacloprid,click here
3,Pymetrozine,click here
2,Chlorothalonil,click here
1,Diuron,click here
4,Thiacloprid,click here
3,Pymetrozine,click here
2,Chlorothalonil,click here
1,Diuron,click here
4,Thiacloprid,click here
3,Pymetrozine,click here
2,Chlorothalonil,click here
1,Diuron,click here
4,Thiacloprid,click here
3,Pymetrozine,click here
2,Chlorothalonil,click here
1,Diuron,click here
4,Thiacloprid,click here
3,Pymetrozine,click here
2,Chlorothalonil,click here
1,Diuron,click here
4,Thiacloprid,click here
3,Pymetrozine,click here
2,Chlorothalonil,click here
1,Diuron,click here
4,Thiacloprid,click here
3,Pymetrozine,click here
2,Chlorothalonil,click here
1,Diuron,click here
4,Thiacloprid,click here
3,Pymetrozine,click here
2,Chlorothalonil,click here
1,Diuron,click here
4,Thiacloprid,click here
3,Pymetrozine,click here
2,Chlorothalonil,click here
1,Diuron,click here
4,Thiacloprid,click here
3,Pymetrozine,click here
2,Chlorothalonil,click here
1,Diuron,click here
4,Thiacloprid,click here
3,Pymetrozine,click here
2,Chlorothalonil,click here
1,Diuron,click here
4,Thiacloprid,click here
3,Pymetrozine,click here
2,Chlorothalonil,click here
1,Diuron,click here
4,Thiacloprid,click here
3,Pymetrozine,click here
2,Chlorothalonil,click here
1,Diuron,click here
4,Thiacloprid,click here
3,Pymetrozine,click here
2,Chlorothalonil,click here
1,Diuron,click here
4,Thiacloprid,click here
3,Pymetrozine,click here
2,Chlorothalonil,click here
1,Diuron,click here
4,Thiacloprid,click here
3,Pymetrozine,click here
2,Chlorothalonil,click here
1,Diuron,click here
4,Thiacloprid,click here
3,Pymetrozine,click here
2,Chlorothalonil,click here
1,Diuron,click here
4,Thiacloprid,click here
3,Pymetrozine,click here
2,Chlorothalonil,click here
1,Diuron,click here
4,Thiacloprid,click here
3,Pymetrozine,click here
2,Chlorothalonil,click here
1,Diuron,click here
4,Thiacloprid,click here
3,Pymetrozine,click here
2,Chlorothalonil,click here
1,Diuron,click here
4,Thiacloprid,click here
3,Pymetrozine,click here
2,Chlorothalonil,click here
1,Diuron,click here
4,Thiacloprid,click here
3,Pymetrozine,click here
2,Chlorothalonil,click here
1,Diuron,click here
4,Thiacloprid,click here
3,Pymetrozine,click here
2,Chlorothalonil,click here
1,Diuron,click here
4,Thiacloprid,click here
3,Pymetrozine,click here
2,Chlorothalonil,click here
1,Diuron,click here
4,Thiacloprid,click here
3,Pymetrozine,click here
2,Chlorothalonil,click here
1,Diuron,click here
4,Thiacloprid,click here
3,Pymetrozine,click here
2,Chlorothalonil,click here
1,Diuron,click here
4,Thiacloprid,click here
3,Pymetrozine,click here
2,Chlorothalonil,click here
1,Diuron,click here
4,Thiacloprid,click here
3,Pymetrozine,click here
2,Chlorothalonil,click here
1,Diuron,click here
4,Thiacloprid,click here
3,Pymetrozine,click here
2,Chlorothalonil,click here
1,Diuron,click here
4,Thiacloprid,click here
3,Pymetrozine,click here
2,Chlorothalonil,click here
1,Diuron,click here
4,Thiacloprid,click here
3,Pymetrozine,click here
2,Chlorothalonil,click here
1,Diuron,click here
4,Thiacloprid,click here
3,Pymetrozine,click here
2,Chlorothalonil,click here
1,Diuron,click here
4,Thiacloprid,click here
3,Pymetrozine,click here
2,Chlorothalonil,click here
1,Diuron,click here
4,Thiacloprid,click here
3,Pymetrozine,click here
2,Chlorothalonil,click here
1,Diuron,click here
4,Thiacloprid,click here
3,Pymetrozine,click here
2,Chlorothalonil,click here
1,Diuron,click here
4,Thiacloprid,click here
3,Pymetrozine,click here
2,Chlorothalonil,click here
1,Diuron,click here
4,Thiacloprid,click here
3,Pymetrozine,click here
2,Chlorothalonil,click here
1,Diuron,click here
4,Thiacloprid,click here
3,Pymetrozine,click here
2,Chlorothalonil,click here
1,Diuron,click here
4,Thiacloprid,click here
3,Pymetrozine,click here
2,Chlorothalonil,click here
1,Diuron,click here
4,Thiacloprid,click here
3,Pymetrozine,click here
2,Chlorothalonil,click here
1,Diuron,click here
4,Thiacloprid,click here
3,Pymetrozine,click here
2,Chlorothalonil,click here
1,Diuron,click here
4,Thiacloprid,click here
3,Pymetrozine,click here
2,Chlorothalonil,click here
1,Diuron,click here
4,Thiacloprid,click here
3,Pymetrozine,click here
2,Chlorothalonil,click here
1,Diuron,click here
4,Thiacloprid,click here
3,Pymetrozine,click here
2,Chlorothalonil,click here
1,Diuron,click here
4,Thiacloprid,click here
3,Pymetrozine,click here
2,Chlorothalonil,click here
1,Diuron,click here
4,Thiacloprid,click here
3,Pymetrozine,click here
2,Chlorothalonil,click here
1,Diuron,click here
4,Thiacloprid,click here
3,Pymetrozine,click here
2,Chlorothalonil,click here
1,Diuron,click here
4,Thiacloprid,click here
3,Pymetrozine,click here
2,Chlorothalonil,click here
1,Diuron,click here
4,Thiacloprid,click here
3,Pymetrozine,click here
2,Chlorothalonil,click here
1,Diuron,click here
4,Thiacloprid,click here
3,Pymetrozine,click here
2,Chlorothalonil,click here
1,Diuron,click here
4,Thiacloprid,click here
3,Pymetrozine,click here
2,Chlorothalonil,click here
1,Diuron,click here
4,Thiacloprid,click here
3,Pymetrozine,click here
2,Chlorothalonil,click here
1,Diuron,click here
4,Thiacloprid,click here
3,Pymetrozine,click here
2,Chlorothalonil,click here
1,Diuron,click here
4,Thiacloprid,click here
3,Pymetrozine,click here
2,Chlorothalonil,click here
1,Diuron,click here
4,Thiacloprid,click here
3,Pymetrozine,click here
2,Chlorothalonil,click here
1,Diuron,click here
4,Thiacloprid,click here
3,Pymetrozine,click here
2,Chlorothalonil,click here
1,Diuron,click here
4,Thiacloprid,click here
3,Pymetrozine,click here
2,Chlorothalonil,click here
1,Diuron,click here
4,Thiacloprid,click here
3,Pymetrozine,click here
2,Chlorothalonil,click here
1,Diuron,click here
4,Thiacloprid,click here
3,Pymetrozine,click here
2,Chlorothalonil,click here
1,Diuron,click here
4,Thiacloprid,click here
3,Pymetrozine,click here
2,Chlorothalonil,click here
1,Diuron,click here
4,Thiacloprid,click here
3,Pymetrozine,click here
2,Chlorothalonil,click here
1,Diuron,click here
4,Thiacloprid,click here
3,Pymetrozine,click here
2,Chlorothalonil,click here
1,Diuron,click here
4,Thiacloprid,click here
3,Pymetrozine,click here
2,Chlorothalonil,click here
1,Diuron,click here
4,Thiacloprid,click here
3,Pymetrozine,click here
2,Chlorothalonil,click here
1,Diuron,click here
4,Thiacloprid,click here
3,Pymetrozine,click here
2,Chlorothalonil,click here
1,Diuron,click here
4,Thiacloprid,click here
3,Pymetrozine,click here
2,Chlorothalonil,click here
1,Diuron,click here
4,Thiacloprid,click here
3,Pymetrozine,click here
2,Chlorothalonil,click here
1,Diuron,click here
4,Thiacloprid,click here
3,Pymetrozine,click here
2,Chlorothalonil,click here
1,Diuron,click here
4,Thiacloprid,click here
3,Pymetrozine,click here
2,Chlorothalonil,click here
1,Diuron,click here
4,Thiacloprid,click here
3,Pymetrozine,click here
2,Chlorothalonil,click here
1,Diuron,click here
4,Thiacloprid,click here
3,Pymetrozine,click here
2,Chlorothalonil,click here
1,Diuron,click here
4,Thiacloprid,click here
3,Pymetrozine,click here
2,Chlorothalonil,click here
1,Diuron,click here
4,Thiacloprid,click here
3,Pymetrozine,click here
2,Chlorothalonil,click here
1,Diuron,click here
4,Thiacloprid,click here
3,Pymetrozine,click here
2,Chlorothalonil,click here
1,Diuron,click here
4,Thiacloprid,click here
3,Pymetrozine,click here
2,Chlorothalonil,click here
1,Diuron,click here
4,Thiacloprid,click here
3,Pymetrozine,click here
2,Chlorothalonil,click here
1,Diuron,click here
4,Thiacloprid,click here
3,Pymetrozine,click here
2,Chlorothalonil,click here
1,Diuron,click here
4,Thiacloprid,click here
3,Pymetrozine,click here
2,Chlorothalonil,click here
1,Diuron,click here
4,Thiacloprid,click here
3,Pymetrozine,click here
2,Chlorothalonil,click here
1,Diuron,click here
4,Thiacloprid,click here
3,Pymetrozine,click here
2,Chlorothalonil,click here
1,Diuron,click here
4,Thiacloprid,click here
3,Pymetrozine,click here
2,Chlorothalonil,click here
1,Diuron,click here
4,Thiacloprid,click here
3,Pymetrozine,click here
2,Chlorothalonil,click here
1,Diuron,click here
4,Thiacloprid,click here
3,Pymetrozine,click here
2,Chlorothalonil,click here
1,Diuron,click here
4,Thiacloprid,click here
3,Pymetrozine,click here
2,Chlorothalonil,click here
1,Diuron,click here
4,Thiacloprid,click here
3,Pymetrozine,click here
2,Chlorothalonil,click here
1,Diuron,click here
4,Thiacloprid,click here
3,Pymetrozine,click here
2,Chlorothalonil,click here
1,Diuron,click here
4,Thiacloprid,click here
3,Pymetrozine,click here
2,Chlorothalonil,click here
1,Diuron,click here
